Date,Month Year,start of year,qtr No,Qtr,Start Of Month
1-Jan-17,01-17,1/1/2017 0:00,1,Q1,1/1/2017
2-Jan-17,01-17,1/1/2017 0:00,1,Q1,1/1/2017
3-Jan-17,01-17,1/1/2017 0:00,1,Q1,1/1/2017
4-Jan-17,01-17,1/1/2017 0:00,1,Q1,1/1/2017
5-Jan-17,01-17,1/1/2017 0:00,1,Q1,1/1/2017
6-Jan-17,01-17,1/1/2017 0:00,1,Q1,1/1/2017
7-Jan-17,01-17,1/1/2017 0:00,1,Q1,1/1/2017
8-Jan-17,01-17,1/1/2017 0:00,1,Q1,1/1/2017
9-Jan-17,01-17,1/1/2017 0:00,1,Q1,1/1/2017
10-Jan-17,01-17,1/1/2017 0:00,1,Q1,1/1/2017
11-Jan-17,01-17,1/1/2017 0:00,1,Q1,1/1/2017
12-Jan-17,01-17,1/1/2017 0:00,1,Q1,1/1/2017
13-Jan-17,01-17,1/1/2017 0:00,1,Q1,1/1/2017
14-Jan-17,01-17,1/1/2017 0:00,1,Q1,1/1/2017
15-Jan-17,01-17,1/1/2017 0:00,1,Q1,1/1/2017
16-Jan-17,01-17,1/1/2017 0:00,1,Q1,1/1/2017
17-Jan-17,01-17,1/1/2017 0:00,1,Q1,1/1/2017
18-Jan-17,01-17,1/1/2017 0:00,1,Q1,1/1/2017
19-Jan-17,01-17,1/1/2017 0:00,1,Q1,1/1/2017
20-Jan-17,01-17,1/1/2017 0:00,1,Q1,1/1/2017
21-Jan-17,01-17,1/1/2017 0:00,1,Q1,1/1/2017
22-Jan-17,01-17,1/1/2017 0:00,1,Q1,1/1/2017
23-Jan-17,01-17,1/1/2017 0:00,1,Q1,1/1/2017
24-Jan-17,01-17,1/1/2017 0:00,1,Q1,1/1/2017
25-Jan-17,01-17,1/1/2017 0:00,1,Q1,1/1/2017
26-Jan-17,01-17,1/1/2017 0:00,1,Q1,1/1/2017
27-Jan-17,01-17,1/1/2017 0:00,1,Q1,1/1/2017
28-Jan-17,01-17,1/1/2017 0:00,1,Q1,1/1/2017
29-Jan-17,01-17,1/1/2017 0:00,1,Q1,1/1/2017
30-Jan-17,01-17,1/1/2017 0:00,1,Q1,1/1/2017
31-Jan-17,01-17,1/1/2017 0:00,1,Q1,1/1/2017
1-Feb-17,02-17,1/1/2017 0:00,1,Q1,2/1/2017
2-Feb-17,02-17,1/1/2017 0:00,1,Q1,2/1/2017
3-Feb-17,02-17,1/1/2017 0:00,1,Q1,2/1/2017
4-Feb-17,02-17,1/1/2017 0:00,1,Q1,2/1/2017
5-Feb-17,02-17,1/1/2017 0:00,1,Q1,2/1/2017
6-Feb-17,02-17,1/1/2017 0:00,1,Q1,2/1/2017
7-Feb-17,02-17,1/1/2017 0:00,1,Q1,2/1/2017
8-Feb-17,02-17,1/1/2017 0:00,1,Q1,2/1/2017
9-Feb-17,02-17,1/1/2017 0:00,1,Q1,2/1/2017
10-Feb-17,02-17,1/1/2017 0:00,1,Q1,2/1/2017
11-Feb-17,02-17,1/1/2017 0:00,1,Q1,2/1/2017
12-Feb-17,02-17,1/1/2017 0:00,1,Q1,2/1/2017
13-Feb-17,02-17,1/1/2017 0:00,1,Q1,2/1/2017
14-Feb-17,02-17,1/1/2017 0:00,1,Q1,2/1/2017
15-Feb-17,02-17,1/1/2017 0:00,1,Q1,2/1/2017
16-Feb-17,02-17,1/1/2017 0:00,1,Q1,2/1/2017
17-Feb-17,02-17,1/1/2017 0:00,1,Q1,2/1/2017
18-Feb-17,02-17,1/1/2017 0:00,1,Q1,2/1/2017
19-Feb-17,02-17,1/1/2017 0:00,1,Q1,2/1/2017
20-Feb-17,02-17,1/1/2017 0:00,1,Q1,2/1/2017
21-Feb-17,02-17,1/1/2017 0:00,1,Q1,2/1/2017
22-Feb-17,02-17,1/1/2017 0:00,1,Q1,2/1/2017
23-Feb-17,02-17,1/1/2017 0:00,1,Q1,2/1/2017
24-Feb-17,02-17,1/1/2017 0:00,1,Q1,2/1/2017
25-Feb-17,02-17,1/1/2017 0:00,1,Q1,2/1/2017
26-Feb-17,02-17,1/1/2017 0:00,1,Q1,2/1/2017
27-Feb-17,02-17,1/1/2017 0:00,1,Q1,2/1/2017
28-Feb-17,02-17,1/1/2017 0:00,1,Q1,2/1/2017
1-Mar-17,03-17,1/1/2017 0:00,1,Q1,3/1/2017
2-Mar-17,03-17,1/1/2017 0:00,1,Q1,3/1/2017
3-Mar-17,03-17,1/1/2017 0:00,1,Q1,3/1/2017
4-Mar-17,03-17,1/1/2017 0:00,1,Q1,3/1/2017
5-Mar-17,03-17,1/1/2017 0:00,1,Q1,3/1/2017
6-Mar-17,03-17,1/1/2017 0:00,1,Q1,3/1/2017
7-Mar-17,03-17,1/1/2017 0:00,1,Q1,3/1/2017
8-Mar-17,03-17,1/1/2017 0:00,1,Q1,3/1/2017
9-Mar-17,03-17,1/1/2017 0:00,1,Q1,3/1/2017
10-Mar-17,03-17,1/1/2017 0:00,1,Q1,3/1/2017
11-Mar-17,03-17,1/1/2017 0:00,1,Q1,3/1/2017
12-Mar-17,03-17,1/1/2017 0:00,1,Q1,3/1/2017
13-Mar-17,03-17,1/1/2017 0:00,1,Q1,3/1/2017
14-Mar-17,03-17,1/1/2017 0:00,1,Q1,3/1/2017
15-Mar-17,03-17,1/1/2017 0:00,1,Q1,3/1/2017
16-Mar-17,03-17,1/1/2017 0:00,1,Q1,3/1/2017
17-Mar-17,03-17,1/1/2017 0:00,1,Q1,3/1/2017
18-Mar-17,03-17,1/1/2017 0:00,1,Q1,3/1/2017
19-Mar-17,03-17,1/1/2017 0:00,1,Q1,3/1/2017
20-Mar-17,03-17,1/1/2017 0:00,1,Q1,3/1/2017
21-Mar-17,03-17,1/1/2017 0:00,1,Q1,3/1/2017
22-Mar-17,03-17,1/1/2017 0:00,1,Q1,3/1/2017
23-Mar-17,03-17,1/1/2017 0:00,1,Q1,3/1/2017
24-Mar-17,03-17,1/1/2017 0:00,1,Q1,3/1/2017
25-Mar-17,03-17,1/1/2017 0:00,1,Q1,3/1/2017
26-Mar-17,03-17,1/1/2017 0:00,1,Q1,3/1/2017
27-Mar-17,03-17,1/1/2017 0:00,1,Q1,3/1/2017
28-Mar-17,03-17,1/1/2017 0:00,1,Q1,3/1/2017
29-Mar-17,03-17,1/1/2017 0:00,1,Q1,3/1/2017
30-Mar-17,03-17,1/1/2017 0:00,1,Q1,3/1/2017
31-Mar-17,03-17,1/1/2017 0:00,1,Q1,3/1/2017
1-Apr-17,04-17,1/1/2017 0:00,2,Q2,4/1/2017
2-Apr-17,04-17,1/1/2017 0:00,2,Q2,4/1/2017
3-Apr-17,04-17,1/1/2017 0:00,2,Q2,4/1/2017
4-Apr-17,04-17,1/1/2017 0:00,2,Q2,4/1/2017
5-Apr-17,04-17,1/1/2017 0:00,2,Q2,4/1/2017
6-Apr-17,04-17,1/1/2017 0:00,2,Q2,4/1/2017
7-Apr-17,04-17,1/1/2017 0:00,2,Q2,4/1/2017
8-Apr-17,04-17,1/1/2017 0:00,2,Q2,4/1/2017
9-Apr-17,04-17,1/1/2017 0:00,2,Q2,4/1/2017
10-Apr-17,04-17,1/1/2017 0:00,2,Q2,4/1/2017
11-Apr-17,04-17,1/1/2017 0:00,2,Q2,4/1/2017
12-Apr-17,04-17,1/1/2017 0:00,2,Q2,4/1/2017
13-Apr-17,04-17,1/1/2017 0:00,2,Q2,4/1/2017
14-Apr-17,04-17,1/1/2017 0:00,2,Q2,4/1/2017
15-Apr-17,04-17,1/1/2017 0:00,2,Q2,4/1/2017
16-Apr-17,04-17,1/1/2017 0:00,2,Q2,4/1/2017
17-Apr-17,04-17,1/1/2017 0:00,2,Q2,4/1/2017
18-Apr-17,04-17,1/1/2017 0:00,2,Q2,4/1/2017
19-Apr-17,04-17,1/1/2017 0:00,2,Q2,4/1/2017
20-Apr-17,04-17,1/1/2017 0:00,2,Q2,4/1/2017
21-Apr-17,04-17,1/1/2017 0:00,2,Q2,4/1/2017
22-Apr-17,04-17,1/1/2017 0:00,2,Q2,4/1/2017
23-Apr-17,04-17,1/1/2017 0:00,2,Q2,4/1/2017
24-Apr-17,04-17,1/1/2017 0:00,2,Q2,4/1/2017
25-Apr-17,04-17,1/1/2017 0:00,2,Q2,4/1/2017
26-Apr-17,04-17,1/1/2017 0:00,2,Q2,4/1/2017
27-Apr-17,04-17,1/1/2017 0:00,2,Q2,4/1/2017
28-Apr-17,04-17,1/1/2017 0:00,2,Q2,4/1/2017
29-Apr-17,04-17,1/1/2017 0:00,2,Q2,4/1/2017
30-Apr-17,04-17,1/1/2017 0:00,2,Q2,4/1/2017
1-May-17,05-17,1/1/2017 0:00,2,Q2,5/1/2017
2-May-17,05-17,1/1/2017 0:00,2,Q2,5/1/2017
3-May-17,05-17,1/1/2017 0:00,2,Q2,5/1/2017
4-May-17,05-17,1/1/2017 0:00,2,Q2,5/1/2017
5-May-17,05-17,1/1/2017 0:00,2,Q2,5/1/2017
6-May-17,05-17,1/1/2017 0:00,2,Q2,5/1/2017
7-May-17,05-17,1/1/2017 0:00,2,Q2,5/1/2017
8-May-17,05-17,1/1/2017 0:00,2,Q2,5/1/2017
9-May-17,05-17,1/1/2017 0:00,2,Q2,5/1/2017
10-May-17,05-17,1/1/2017 0:00,2,Q2,5/1/2017
11-May-17,05-17,1/1/2017 0:00,2,Q2,5/1/2017
12-May-17,05-17,1/1/2017 0:00,2,Q2,5/1/2017
13-May-17,05-17,1/1/2017 0:00,2,Q2,5/1/2017
14-May-17,05-17,1/1/2017 0:00,2,Q2,5/1/2017
15-May-17,05-17,1/1/2017 0:00,2,Q2,5/1/2017
16-May-17,05-17,1/1/2017 0:00,2,Q2,5/1/2017
17-May-17,05-17,1/1/2017 0:00,2,Q2,5/1/2017
18-May-17,05-17,1/1/2017 0:00,2,Q2,5/1/2017
19-May-17,05-17,1/1/2017 0:00,2,Q2,5/1/2017
20-May-17,05-17,1/1/2017 0:00,2,Q2,5/1/2017
21-May-17,05-17,1/1/2017 0:00,2,Q2,5/1/2017
22-May-17,05-17,1/1/2017 0:00,2,Q2,5/1/2017
23-May-17,05-17,1/1/2017 0:00,2,Q2,5/1/2017
24-May-17,05-17,1/1/2017 0:00,2,Q2,5/1/2017
25-May-17,05-17,1/1/2017 0:00,2,Q2,5/1/2017
26-May-17,05-17,1/1/2017 0:00,2,Q2,5/1/2017
27-May-17,05-17,1/1/2017 0:00,2,Q2,5/1/2017
28-May-17,05-17,1/1/2017 0:00,2,Q2,5/1/2017
29-May-17,05-17,1/1/2017 0:00,2,Q2,5/1/2017
30-May-17,05-17,1/1/2017 0:00,2,Q2,5/1/2017
31-May-17,05-17,1/1/2017 0:00,2,Q2,5/1/2017
1-Jun-17,06-17,1/1/2017 0:00,2,Q2,6/1/2017
2-Jun-17,06-17,1/1/2017 0:00,2,Q2,6/1/2017
3-Jun-17,06-17,1/1/2017 0:00,2,Q2,6/1/2017
4-Jun-17,06-17,1/1/2017 0:00,2,Q2,6/1/2017
5-Jun-17,06-17,1/1/2017 0:00,2,Q2,6/1/2017
6-Jun-17,06-17,1/1/2017 0:00,2,Q2,6/1/2017
7-Jun-17,06-17,1/1/2017 0:00,2,Q2,6/1/2017
8-Jun-17,06-17,1/1/2017 0:00,2,Q2,6/1/2017
9-Jun-17,06-17,1/1/2017 0:00,2,Q2,6/1/2017
10-Jun-17,06-17,1/1/2017 0:00,2,Q2,6/1/2017
11-Jun-17,06-17,1/1/2017 0:00,2,Q2,6/1/2017
12-Jun-17,06-17,1/1/2017 0:00,2,Q2,6/1/2017
13-Jun-17,06-17,1/1/2017 0:00,2,Q2,6/1/2017
14-Jun-17,06-17,1/1/2017 0:00,2,Q2,6/1/2017
15-Jun-17,06-17,1/1/2017 0:00,2,Q2,6/1/2017
16-Jun-17,06-17,1/1/2017 0:00,2,Q2,6/1/2017
17-Jun-17,06-17,1/1/2017 0:00,2,Q2,6/1/2017
18-Jun-17,06-17,1/1/2017 0:00,2,Q2,6/1/2017
19-Jun-17,06-17,1/1/2017 0:00,2,Q2,6/1/2017
20-Jun-17,06-17,1/1/2017 0:00,2,Q2,6/1/2017
21-Jun-17,06-17,1/1/2017 0:00,2,Q2,6/1/2017
22-Jun-17,06-17,1/1/2017 0:00,2,Q2,6/1/2017
23-Jun-17,06-17,1/1/2017 0:00,2,Q2,6/1/2017
24-Jun-17,06-17,1/1/2017 0:00,2,Q2,6/1/2017
25-Jun-17,06-17,1/1/2017 0:00,2,Q2,6/1/2017
26-Jun-17,06-17,1/1/2017 0:00,2,Q2,6/1/2017
27-Jun-17,06-17,1/1/2017 0:00,2,Q2,6/1/2017
28-Jun-17,06-17,1/1/2017 0:00,2,Q2,6/1/2017
29-Jun-17,06-17,1/1/2017 0:00,2,Q2,6/1/2017
30-Jun-17,06-17,1/1/2017 0:00,2,Q2,6/1/2017
1-Jul-17,07-17,1/1/2017 0:00,3,Q3,7/1/2017
2-Jul-17,07-17,1/1/2017 0:00,3,Q3,7/1/2017
3-Jul-17,07-17,1/1/2017 0:00,3,Q3,7/1/2017
4-Jul-17,07-17,1/1/2017 0:00,3,Q3,7/1/2017
5-Jul-17,07-17,1/1/2017 0:00,3,Q3,7/1/2017
6-Jul-17,07-17,1/1/2017 0:00,3,Q3,7/1/2017
7-Jul-17,07-17,1/1/2017 0:00,3,Q3,7/1/2017
8-Jul-17,07-17,1/1/2017 0:00,3,Q3,7/1/2017
9-Jul-17,07-17,1/1/2017 0:00,3,Q3,7/1/2017
10-Jul-17,07-17,1/1/2017 0:00,3,Q3,7/1/2017
11-Jul-17,07-17,1/1/2017 0:00,3,Q3,7/1/2017
12-Jul-17,07-17,1/1/2017 0:00,3,Q3,7/1/2017
13-Jul-17,07-17,1/1/2017 0:00,3,Q3,7/1/2017
14-Jul-17,07-17,1/1/2017 0:00,3,Q3,7/1/2017
15-Jul-17,07-17,1/1/2017 0:00,3,Q3,7/1/2017
16-Jul-17,07-17,1/1/2017 0:00,3,Q3,7/1/2017
17-Jul-17,07-17,1/1/2017 0:00,3,Q3,7/1/2017
18-Jul-17,07-17,1/1/2017 0:00,3,Q3,7/1/2017
19-Jul-17,07-17,1/1/2017 0:00,3,Q3,7/1/2017
20-Jul-17,07-17,1/1/2017 0:00,3,Q3,7/1/2017
21-Jul-17,07-17,1/1/2017 0:00,3,Q3,7/1/2017
22-Jul-17,07-17,1/1/2017 0:00,3,Q3,7/1/2017
23-Jul-17,07-17,1/1/2017 0:00,3,Q3,7/1/2017
24-Jul-17,07-17,1/1/2017 0:00,3,Q3,7/1/2017
25-Jul-17,07-17,1/1/2017 0:00,3,Q3,7/1/2017
26-Jul-17,07-17,1/1/2017 0:00,3,Q3,7/1/2017
27-Jul-17,07-17,1/1/2017 0:00,3,Q3,7/1/2017
28-Jul-17,07-17,1/1/2017 0:00,3,Q3,7/1/2017
29-Jul-17,07-17,1/1/2017 0:00,3,Q3,7/1/2017
30-Jul-17,07-17,1/1/2017 0:00,3,Q3,7/1/2017
31-Jul-17,07-17,1/1/2017 0:00,3,Q3,7/1/2017
1-Aug-17,08-17,1/1/2017 0:00,3,Q3,8/1/2017
2-Aug-17,08-17,1/1/2017 0:00,3,Q3,8/1/2017
3-Aug-17,08-17,1/1/2017 0:00,3,Q3,8/1/2017
4-Aug-17,08-17,1/1/2017 0:00,3,Q3,8/1/2017
5-Aug-17,08-17,1/1/2017 0:00,3,Q3,8/1/2017
6-Aug-17,08-17,1/1/2017 0:00,3,Q3,8/1/2017
7-Aug-17,08-17,1/1/2017 0:00,3,Q3,8/1/2017
8-Aug-17,08-17,1/1/2017 0:00,3,Q3,8/1/2017
9-Aug-17,08-17,1/1/2017 0:00,3,Q3,8/1/2017
10-Aug-17,08-17,1/1/2017 0:00,3,Q3,8/1/2017
11-Aug-17,08-17,1/1/2017 0:00,3,Q3,8/1/2017
12-Aug-17,08-17,1/1/2017 0:00,3,Q3,8/1/2017
13-Aug-17,08-17,1/1/2017 0:00,3,Q3,8/1/2017
14-Aug-17,08-17,1/1/2017 0:00,3,Q3,8/1/2017
15-Aug-17,08-17,1/1/2017 0:00,3,Q3,8/1/2017
16-Aug-17,08-17,1/1/2017 0:00,3,Q3,8/1/2017
17-Aug-17,08-17,1/1/2017 0:00,3,Q3,8/1/2017
18-Aug-17,08-17,1/1/2017 0:00,3,Q3,8/1/2017
19-Aug-17,08-17,1/1/2017 0:00,3,Q3,8/1/2017
20-Aug-17,08-17,1/1/2017 0:00,3,Q3,8/1/2017
21-Aug-17,08-17,1/1/2017 0:00,3,Q3,8/1/2017
22-Aug-17,08-17,1/1/2017 0:00,3,Q3,8/1/2017
23-Aug-17,08-17,1/1/2017 0:00,3,Q3,8/1/2017
24-Aug-17,08-17,1/1/2017 0:00,3,Q3,8/1/2017
25-Aug-17,08-17,1/1/2017 0:00,3,Q3,8/1/2017
26-Aug-17,08-17,1/1/2017 0:00,3,Q3,8/1/2017
27-Aug-17,08-17,1/1/2017 0:00,3,Q3,8/1/2017
28-Aug-17,08-17,1/1/2017 0:00,3,Q3,8/1/2017
29-Aug-17,08-17,1/1/2017 0:00,3,Q3,8/1/2017
30-Aug-17,08-17,1/1/2017 0:00,3,Q3,8/1/2017
31-Aug-17,08-17,1/1/2017 0:00,3,Q3,8/1/2017
1-Sep-17,09-17,1/1/2017 0:00,3,Q3,9/1/2017
2-Sep-17,09-17,1/1/2017 0:00,3,Q3,9/1/2017
3-Sep-17,09-17,1/1/2017 0:00,3,Q3,9/1/2017
4-Sep-17,09-17,1/1/2017 0:00,3,Q3,9/1/2017
5-Sep-17,09-17,1/1/2017 0:00,3,Q3,9/1/2017
6-Sep-17,09-17,1/1/2017 0:00,3,Q3,9/1/2017
7-Sep-17,09-17,1/1/2017 0:00,3,Q3,9/1/2017
8-Sep-17,09-17,1/1/2017 0:00,3,Q3,9/1/2017
9-Sep-17,09-17,1/1/2017 0:00,3,Q3,9/1/2017
10-Sep-17,09-17,1/1/2017 0:00,3,Q3,9/1/2017
11-Sep-17,09-17,1/1/2017 0:00,3,Q3,9/1/2017
12-Sep-17,09-17,1/1/2017 0:00,3,Q3,9/1/2017
13-Sep-17,09-17,1/1/2017 0:00,3,Q3,9/1/2017
14-Sep-17,09-17,1/1/2017 0:00,3,Q3,9/1/2017
15-Sep-17,09-17,1/1/2017 0:00,3,Q3,9/1/2017
16-Sep-17,09-17,1/1/2017 0:00,3,Q3,9/1/2017
17-Sep-17,09-17,1/1/2017 0:00,3,Q3,9/1/2017
18-Sep-17,09-17,1/1/2017 0:00,3,Q3,9/1/2017
19-Sep-17,09-17,1/1/2017 0:00,3,Q3,9/1/2017
20-Sep-17,09-17,1/1/2017 0:00,3,Q3,9/1/2017
21-Sep-17,09-17,1/1/2017 0:00,3,Q3,9/1/2017
22-Sep-17,09-17,1/1/2017 0:00,3,Q3,9/1/2017
23-Sep-17,09-17,1/1/2017 0:00,3,Q3,9/1/2017
24-Sep-17,09-17,1/1/2017 0:00,3,Q3,9/1/2017
25-Sep-17,09-17,1/1/2017 0:00,3,Q3,9/1/2017
26-Sep-17,09-17,1/1/2017 0:00,3,Q3,9/1/2017
27-Sep-17,09-17,1/1/2017 0:00,3,Q3,9/1/2017
28-Sep-17,09-17,1/1/2017 0:00,3,Q3,9/1/2017
29-Sep-17,09-17,1/1/2017 0:00,3,Q3,9/1/2017
30-Sep-17,09-17,1/1/2017 0:00,3,Q3,9/1/2017
1-Oct-17,10-17,1/1/2017 0:00,4,Q4,10/1/2017
2-Oct-17,10-17,1/1/2017 0:00,4,Q4,10/1/2017
3-Oct-17,10-17,1/1/2017 0:00,4,Q4,10/1/2017
4-Oct-17,10-17,1/1/2017 0:00,4,Q4,10/1/2017
5-Oct-17,10-17,1/1/2017 0:00,4,Q4,10/1/2017
6-Oct-17,10-17,1/1/2017 0:00,4,Q4,10/1/2017
7-Oct-17,10-17,1/1/2017 0:00,4,Q4,10/1/2017
8-Oct-17,10-17,1/1/2017 0:00,4,Q4,10/1/2017
9-Oct-17,10-17,1/1/2017 0:00,4,Q4,10/1/2017
10-Oct-17,10-17,1/1/2017 0:00,4,Q4,10/1/2017
11-Oct-17,10-17,1/1/2017 0:00,4,Q4,10/1/2017
12-Oct-17,10-17,1/1/2017 0:00,4,Q4,10/1/2017
13-Oct-17,10-17,1/1/2017 0:00,4,Q4,10/1/2017
14-Oct-17,10-17,1/1/2017 0:00,4,Q4,10/1/2017
15-Oct-17,10-17,1/1/2017 0:00,4,Q4,10/1/2017
16-Oct-17,10-17,1/1/2017 0:00,4,Q4,10/1/2017
17-Oct-17,10-17,1/1/2017 0:00,4,Q4,10/1/2017
18-Oct-17,10-17,1/1/2017 0:00,4,Q4,10/1/2017
19-Oct-17,10-17,1/1/2017 0:00,4,Q4,10/1/2017
20-Oct-17,10-17,1/1/2017 0:00,4,Q4,10/1/2017
21-Oct-17,10-17,1/1/2017 0:00,4,Q4,10/1/2017
22-Oct-17,10-17,1/1/2017 0:00,4,Q4,10/1/2017
23-Oct-17,10-17,1/1/2017 0:00,4,Q4,10/1/2017
24-Oct-17,10-17,1/1/2017 0:00,4,Q4,10/1/2017
25-Oct-17,10-17,1/1/2017 0:00,4,Q4,10/1/2017
26-Oct-17,10-17,1/1/2017 0:00,4,Q4,10/1/2017
27-Oct-17,10-17,1/1/2017 0:00,4,Q4,10/1/2017
28-Oct-17,10-17,1/1/2017 0:00,4,Q4,10/1/2017
29-Oct-17,10-17,1/1/2017 0:00,4,Q4,10/1/2017
30-Oct-17,10-17,1/1/2017 0:00,4,Q4,10/1/2017
31-Oct-17,10-17,1/1/2017 0:00,4,Q4,10/1/2017
1-Nov-17,11-17,1/1/2017 0:00,4,Q4,11/1/2017
2-Nov-17,11-17,1/1/2017 0:00,4,Q4,11/1/2017
3-Nov-17,11-17,1/1/2017 0:00,4,Q4,11/1/2017
4-Nov-17,11-17,1/1/2017 0:00,4,Q4,11/1/2017
5-Nov-17,11-17,1/1/2017 0:00,4,Q4,11/1/2017
6-Nov-17,11-17,1/1/2017 0:00,4,Q4,11/1/2017
7-Nov-17,11-17,1/1/2017 0:00,4,Q4,11/1/2017
8-Nov-17,11-17,1/1/2017 0:00,4,Q4,11/1/2017
9-Nov-17,11-17,1/1/2017 0:00,4,Q4,11/1/2017
10-Nov-17,11-17,1/1/2017 0:00,4,Q4,11/1/2017
11-Nov-17,11-17,1/1/2017 0:00,4,Q4,11/1/2017
12-Nov-17,11-17,1/1/2017 0:00,4,Q4,11/1/2017
13-Nov-17,11-17,1/1/2017 0:00,4,Q4,11/1/2017
14-Nov-17,11-17,1/1/2017 0:00,4,Q4,11/1/2017
15-Nov-17,11-17,1/1/2017 0:00,4,Q4,11/1/2017
16-Nov-17,11-17,1/1/2017 0:00,4,Q4,11/1/2017
17-Nov-17,11-17,1/1/2017 0:00,4,Q4,11/1/2017
18-Nov-17,11-17,1/1/2017 0:00,4,Q4,11/1/2017
19-Nov-17,11-17,1/1/2017 0:00,4,Q4,11/1/2017
20-Nov-17,11-17,1/1/2017 0:00,4,Q4,11/1/2017
21-Nov-17,11-17,1/1/2017 0:00,4,Q4,11/1/2017
22-Nov-17,11-17,1/1/2017 0:00,4,Q4,11/1/2017
23-Nov-17,11-17,1/1/2017 0:00,4,Q4,11/1/2017
24-Nov-17,11-17,1/1/2017 0:00,4,Q4,11/1/2017
25-Nov-17,11-17,1/1/2017 0:00,4,Q4,11/1/2017
26-Nov-17,11-17,1/1/2017 0:00,4,Q4,11/1/2017
27-Nov-17,11-17,1/1/2017 0:00,4,Q4,11/1/2017
28-Nov-17,11-17,1/1/2017 0:00,4,Q4,11/1/2017
29-Nov-17,11-17,1/1/2017 0:00,4,Q4,11/1/2017
30-Nov-17,11-17,1/1/2017 0:00,4,Q4,11/1/2017
1-Dec-17,12-17,1/1/2017 0:00,4,Q4,12/1/2017
2-Dec-17,12-17,1/1/2017 0:00,4,Q4,12/1/2017
3-Dec-17,12-17,1/1/2017 0:00,4,Q4,12/1/2017
4-Dec-17,12-17,1/1/2017 0:00,4,Q4,12/1/2017
5-Dec-17,12-17,1/1/2017 0:00,4,Q4,12/1/2017
6-Dec-17,12-17,1/1/2017 0:00,4,Q4,12/1/2017
7-Dec-17,12-17,1/1/2017 0:00,4,Q4,12/1/2017
8-Dec-17,12-17,1/1/2017 0:00,4,Q4,12/1/2017
9-Dec-17,12-17,1/1/2017 0:00,4,Q4,12/1/2017
10-Dec-17,12-17,1/1/2017 0:00,4,Q4,12/1/2017
11-Dec-17,12-17,1/1/2017 0:00,4,Q4,12/1/2017
12-Dec-17,12-17,1/1/2017 0:00,4,Q4,12/1/2017
13-Dec-17,12-17,1/1/2017 0:00,4,Q4,12/1/2017
14-Dec-17,12-17,1/1/2017 0:00,4,Q4,12/1/2017
15-Dec-17,12-17,1/1/2017 0:00,4,Q4,12/1/2017
16-Dec-17,12-17,1/1/2017 0:00,4,Q4,12/1/2017
17-Dec-17,12-17,1/1/2017 0:00,4,Q4,12/1/2017
18-Dec-17,12-17,1/1/2017 0:00,4,Q4,12/1/2017
19-Dec-17,12-17,1/1/2017 0:00,4,Q4,12/1/2017
20-Dec-17,12-17,1/1/2017 0:00,4,Q4,12/1/2017
21-Dec-17,12-17,1/1/2017 0:00,4,Q4,12/1/2017
22-Dec-17,12-17,1/1/2017 0:00,4,Q4,12/1/2017
23-Dec-17,12-17,1/1/2017 0:00,4,Q4,12/1/2017
24-Dec-17,12-17,1/1/2017 0:00,4,Q4,12/1/2017
25-Dec-17,12-17,1/1/2017 0:00,4,Q4,12/1/2017
26-Dec-17,12-17,1/1/2017 0:00,4,Q4,12/1/2017
27-Dec-17,12-17,1/1/2017 0:00,4,Q4,12/1/2017
28-Dec-17,12-17,1/1/2017 0:00,4,Q4,12/1/2017
29-Dec-17,12-17,1/1/2017 0:00,4,Q4,12/1/2017
30-Dec-17,12-17,1/1/2017 0:00,4,Q4,12/1/2017
31-Dec-17,12-17,1/1/2017 0:00,4,Q4,12/1/2017
1-Jan-18,01-18,1/1/2018 0:00,1,Q1,1/1/2018
2-Jan-18,01-18,1/1/2018 0:00,1,Q1,1/1/2018
3-Jan-18,01-18,1/1/2018 0:00,1,Q1,1/1/2018
4-Jan-18,01-18,1/1/2018 0:00,1,Q1,1/1/2018
5-Jan-18,01-18,1/1/2018 0:00,1,Q1,1/1/2018
6-Jan-18,01-18,1/1/2018 0:00,1,Q1,1/1/2018
7-Jan-18,01-18,1/1/2018 0:00,1,Q1,1/1/2018
8-Jan-18,01-18,1/1/2018 0:00,1,Q1,1/1/2018
9-Jan-18,01-18,1/1/2018 0:00,1,Q1,1/1/2018
10-Jan-18,01-18,1/1/2018 0:00,1,Q1,1/1/2018
11-Jan-18,01-18,1/1/2018 0:00,1,Q1,1/1/2018
12-Jan-18,01-18,1/1/2018 0:00,1,Q1,1/1/2018
13-Jan-18,01-18,1/1/2018 0:00,1,Q1,1/1/2018
14-Jan-18,01-18,1/1/2018 0:00,1,Q1,1/1/2018
15-Jan-18,01-18,1/1/2018 0:00,1,Q1,1/1/2018
16-Jan-18,01-18,1/1/2018 0:00,1,Q1,1/1/2018
17-Jan-18,01-18,1/1/2018 0:00,1,Q1,1/1/2018
18-Jan-18,01-18,1/1/2018 0:00,1,Q1,1/1/2018
19-Jan-18,01-18,1/1/2018 0:00,1,Q1,1/1/2018
20-Jan-18,01-18,1/1/2018 0:00,1,Q1,1/1/2018
21-Jan-18,01-18,1/1/2018 0:00,1,Q1,1/1/2018
22-Jan-18,01-18,1/1/2018 0:00,1,Q1,1/1/2018
23-Jan-18,01-18,1/1/2018 0:00,1,Q1,1/1/2018
24-Jan-18,01-18,1/1/2018 0:00,1,Q1,1/1/2018
25-Jan-18,01-18,1/1/2018 0:00,1,Q1,1/1/2018
26-Jan-18,01-18,1/1/2018 0:00,1,Q1,1/1/2018
27-Jan-18,01-18,1/1/2018 0:00,1,Q1,1/1/2018
28-Jan-18,01-18,1/1/2018 0:00,1,Q1,1/1/2018
29-Jan-18,01-18,1/1/2018 0:00,1,Q1,1/1/2018
30-Jan-18,01-18,1/1/2018 0:00,1,Q1,1/1/2018
31-Jan-18,01-18,1/1/2018 0:00,1,Q1,1/1/2018
1-Feb-18,02-18,1/1/2018 0:00,1,Q1,2/1/2018
2-Feb-18,02-18,1/1/2018 0:00,1,Q1,2/1/2018
3-Feb-18,02-18,1/1/2018 0:00,1,Q1,2/1/2018
4-Feb-18,02-18,1/1/2018 0:00,1,Q1,2/1/2018
5-Feb-18,02-18,1/1/2018 0:00,1,Q1,2/1/2018
6-Feb-18,02-18,1/1/2018 0:00,1,Q1,2/1/2018
7-Feb-18,02-18,1/1/2018 0:00,1,Q1,2/1/2018
8-Feb-18,02-18,1/1/2018 0:00,1,Q1,2/1/2018
9-Feb-18,02-18,1/1/2018 0:00,1,Q1,2/1/2018
10-Feb-18,02-18,1/1/2018 0:00,1,Q1,2/1/2018
11-Feb-18,02-18,1/1/2018 0:00,1,Q1,2/1/2018
12-Feb-18,02-18,1/1/2018 0:00,1,Q1,2/1/2018
13-Feb-18,02-18,1/1/2018 0:00,1,Q1,2/1/2018
14-Feb-18,02-18,1/1/2018 0:00,1,Q1,2/1/2018
15-Feb-18,02-18,1/1/2018 0:00,1,Q1,2/1/2018
16-Feb-18,02-18,1/1/2018 0:00,1,Q1,2/1/2018
17-Feb-18,02-18,1/1/2018 0:00,1,Q1,2/1/2018
18-Feb-18,02-18,1/1/2018 0:00,1,Q1,2/1/2018
19-Feb-18,02-18,1/1/2018 0:00,1,Q1,2/1/2018
20-Feb-18,02-18,1/1/2018 0:00,1,Q1,2/1/2018
21-Feb-18,02-18,1/1/2018 0:00,1,Q1,2/1/2018
22-Feb-18,02-18,1/1/2018 0:00,1,Q1,2/1/2018
23-Feb-18,02-18,1/1/2018 0:00,1,Q1,2/1/2018
24-Feb-18,02-18,1/1/2018 0:00,1,Q1,2/1/2018
25-Feb-18,02-18,1/1/2018 0:00,1,Q1,2/1/2018
26-Feb-18,02-18,1/1/2018 0:00,1,Q1,2/1/2018
27-Feb-18,02-18,1/1/2018 0:00,1,Q1,2/1/2018
28-Feb-18,02-18,1/1/2018 0:00,1,Q1,2/1/2018
1-Mar-18,03-18,1/1/2018 0:00,1,Q1,3/1/2018
2-Mar-18,03-18,1/1/2018 0:00,1,Q1,3/1/2018
3-Mar-18,03-18,1/1/2018 0:00,1,Q1,3/1/2018
4-Mar-18,03-18,1/1/2018 0:00,1,Q1,3/1/2018
5-Mar-18,03-18,1/1/2018 0:00,1,Q1,3/1/2018
6-Mar-18,03-18,1/1/2018 0:00,1,Q1,3/1/2018
7-Mar-18,03-18,1/1/2018 0:00,1,Q1,3/1/2018
8-Mar-18,03-18,1/1/2018 0:00,1,Q1,3/1/2018
9-Mar-18,03-18,1/1/2018 0:00,1,Q1,3/1/2018
10-Mar-18,03-18,1/1/2018 0:00,1,Q1,3/1/2018
11-Mar-18,03-18,1/1/2018 0:00,1,Q1,3/1/2018
12-Mar-18,03-18,1/1/2018 0:00,1,Q1,3/1/2018
13-Mar-18,03-18,1/1/2018 0:00,1,Q1,3/1/2018
14-Mar-18,03-18,1/1/2018 0:00,1,Q1,3/1/2018
15-Mar-18,03-18,1/1/2018 0:00,1,Q1,3/1/2018
16-Mar-18,03-18,1/1/2018 0:00,1,Q1,3/1/2018
17-Mar-18,03-18,1/1/2018 0:00,1,Q1,3/1/2018
18-Mar-18,03-18,1/1/2018 0:00,1,Q1,3/1/2018
19-Mar-18,03-18,1/1/2018 0:00,1,Q1,3/1/2018
20-Mar-18,03-18,1/1/2018 0:00,1,Q1,3/1/2018
21-Mar-18,03-18,1/1/2018 0:00,1,Q1,3/1/2018
22-Mar-18,03-18,1/1/2018 0:00,1,Q1,3/1/2018
23-Mar-18,03-18,1/1/2018 0:00,1,Q1,3/1/2018
24-Mar-18,03-18,1/1/2018 0:00,1,Q1,3/1/2018
25-Mar-18,03-18,1/1/2018 0:00,1,Q1,3/1/2018
26-Mar-18,03-18,1/1/2018 0:00,1,Q1,3/1/2018
27-Mar-18,03-18,1/1/2018 0:00,1,Q1,3/1/2018
28-Mar-18,03-18,1/1/2018 0:00,1,Q1,3/1/2018
29-Mar-18,03-18,1/1/2018 0:00,1,Q1,3/1/2018
30-Mar-18,03-18,1/1/2018 0:00,1,Q1,3/1/2018
31-Mar-18,03-18,1/1/2018 0:00,1,Q1,3/1/2018
1-Apr-18,04-18,1/1/2018 0:00,2,Q2,4/1/2018
2-Apr-18,04-18,1/1/2018 0:00,2,Q2,4/1/2018
3-Apr-18,04-18,1/1/2018 0:00,2,Q2,4/1/2018
4-Apr-18,04-18,1/1/2018 0:00,2,Q2,4/1/2018
5-Apr-18,04-18,1/1/2018 0:00,2,Q2,4/1/2018
6-Apr-18,04-18,1/1/2018 0:00,2,Q2,4/1/2018
7-Apr-18,04-18,1/1/2018 0:00,2,Q2,4/1/2018
8-Apr-18,04-18,1/1/2018 0:00,2,Q2,4/1/2018
9-Apr-18,04-18,1/1/2018 0:00,2,Q2,4/1/2018
10-Apr-18,04-18,1/1/2018 0:00,2,Q2,4/1/2018
11-Apr-18,04-18,1/1/2018 0:00,2,Q2,4/1/2018
12-Apr-18,04-18,1/1/2018 0:00,2,Q2,4/1/2018
13-Apr-18,04-18,1/1/2018 0:00,2,Q2,4/1/2018
14-Apr-18,04-18,1/1/2018 0:00,2,Q2,4/1/2018
15-Apr-18,04-18,1/1/2018 0:00,2,Q2,4/1/2018
16-Apr-18,04-18,1/1/2018 0:00,2,Q2,4/1/2018
17-Apr-18,04-18,1/1/2018 0:00,2,Q2,4/1/2018
18-Apr-18,04-18,1/1/2018 0:00,2,Q2,4/1/2018
19-Apr-18,04-18,1/1/2018 0:00,2,Q2,4/1/2018
20-Apr-18,04-18,1/1/2018 0:00,2,Q2,4/1/2018
21-Apr-18,04-18,1/1/2018 0:00,2,Q2,4/1/2018
22-Apr-18,04-18,1/1/2018 0:00,2,Q2,4/1/2018
23-Apr-18,04-18,1/1/2018 0:00,2,Q2,4/1/2018
24-Apr-18,04-18,1/1/2018 0:00,2,Q2,4/1/2018
25-Apr-18,04-18,1/1/2018 0:00,2,Q2,4/1/2018
26-Apr-18,04-18,1/1/2018 0:00,2,Q2,4/1/2018
27-Apr-18,04-18,1/1/2018 0:00,2,Q2,4/1/2018
28-Apr-18,04-18,1/1/2018 0:00,2,Q2,4/1/2018
29-Apr-18,04-18,1/1/2018 0:00,2,Q2,4/1/2018
30-Apr-18,04-18,1/1/2018 0:00,2,Q2,4/1/2018
1-May-18,05-18,1/1/2018 0:00,2,Q2,5/1/2018
2-May-18,05-18,1/1/2018 0:00,2,Q2,5/1/2018
3-May-18,05-18,1/1/2018 0:00,2,Q2,5/1/2018
4-May-18,05-18,1/1/2018 0:00,2,Q2,5/1/2018
5-May-18,05-18,1/1/2018 0:00,2,Q2,5/1/2018
6-May-18,05-18,1/1/2018 0:00,2,Q2,5/1/2018
7-May-18,05-18,1/1/2018 0:00,2,Q2,5/1/2018
8-May-18,05-18,1/1/2018 0:00,2,Q2,5/1/2018
9-May-18,05-18,1/1/2018 0:00,2,Q2,5/1/2018
10-May-18,05-18,1/1/2018 0:00,2,Q2,5/1/2018
11-May-18,05-18,1/1/2018 0:00,2,Q2,5/1/2018
12-May-18,05-18,1/1/2018 0:00,2,Q2,5/1/2018
13-May-18,05-18,1/1/2018 0:00,2,Q2,5/1/2018
14-May-18,05-18,1/1/2018 0:00,2,Q2,5/1/2018
15-May-18,05-18,1/1/2018 0:00,2,Q2,5/1/2018
16-May-18,05-18,1/1/2018 0:00,2,Q2,5/1/2018
17-May-18,05-18,1/1/2018 0:00,2,Q2,5/1/2018
18-May-18,05-18,1/1/2018 0:00,2,Q2,5/1/2018
19-May-18,05-18,1/1/2018 0:00,2,Q2,5/1/2018
20-May-18,05-18,1/1/2018 0:00,2,Q2,5/1/2018
21-May-18,05-18,1/1/2018 0:00,2,Q2,5/1/2018
22-May-18,05-18,1/1/2018 0:00,2,Q2,5/1/2018
23-May-18,05-18,1/1/2018 0:00,2,Q2,5/1/2018
24-May-18,05-18,1/1/2018 0:00,2,Q2,5/1/2018
25-May-18,05-18,1/1/2018 0:00,2,Q2,5/1/2018
26-May-18,05-18,1/1/2018 0:00,2,Q2,5/1/2018
27-May-18,05-18,1/1/2018 0:00,2,Q2,5/1/2018
28-May-18,05-18,1/1/2018 0:00,2,Q2,5/1/2018
29-May-18,05-18,1/1/2018 0:00,2,Q2,5/1/2018
30-May-18,05-18,1/1/2018 0:00,2,Q2,5/1/2018
31-May-18,05-18,1/1/2018 0:00,2,Q2,5/1/2018
1-Jun-18,06-18,1/1/2018 0:00,2,Q2,6/1/2018
2-Jun-18,06-18,1/1/2018 0:00,2,Q2,6/1/2018
3-Jun-18,06-18,1/1/2018 0:00,2,Q2,6/1/2018
4-Jun-18,06-18,1/1/2018 0:00,2,Q2,6/1/2018
5-Jun-18,06-18,1/1/2018 0:00,2,Q2,6/1/2018
6-Jun-18,06-18,1/1/2018 0:00,2,Q2,6/1/2018
7-Jun-18,06-18,1/1/2018 0:00,2,Q2,6/1/2018
8-Jun-18,06-18,1/1/2018 0:00,2,Q2,6/1/2018
9-Jun-18,06-18,1/1/2018 0:00,2,Q2,6/1/2018
10-Jun-18,06-18,1/1/2018 0:00,2,Q2,6/1/2018
11-Jun-18,06-18,1/1/2018 0:00,2,Q2,6/1/2018
12-Jun-18,06-18,1/1/2018 0:00,2,Q2,6/1/2018
13-Jun-18,06-18,1/1/2018 0:00,2,Q2,6/1/2018
14-Jun-18,06-18,1/1/2018 0:00,2,Q2,6/1/2018
15-Jun-18,06-18,1/1/2018 0:00,2,Q2,6/1/2018
16-Jun-18,06-18,1/1/2018 0:00,2,Q2,6/1/2018
17-Jun-18,06-18,1/1/2018 0:00,2,Q2,6/1/2018
18-Jun-18,06-18,1/1/2018 0:00,2,Q2,6/1/2018
19-Jun-18,06-18,1/1/2018 0:00,2,Q2,6/1/2018
20-Jun-18,06-18,1/1/2018 0:00,2,Q2,6/1/2018
21-Jun-18,06-18,1/1/2018 0:00,2,Q2,6/1/2018
22-Jun-18,06-18,1/1/2018 0:00,2,Q2,6/1/2018
23-Jun-18,06-18,1/1/2018 0:00,2,Q2,6/1/2018
24-Jun-18,06-18,1/1/2018 0:00,2,Q2,6/1/2018
25-Jun-18,06-18,1/1/2018 0:00,2,Q2,6/1/2018
26-Jun-18,06-18,1/1/2018 0:00,2,Q2,6/1/2018
27-Jun-18,06-18,1/1/2018 0:00,2,Q2,6/1/2018
28-Jun-18,06-18,1/1/2018 0:00,2,Q2,6/1/2018
29-Jun-18,06-18,1/1/2018 0:00,2,Q2,6/1/2018
30-Jun-18,06-18,1/1/2018 0:00,2,Q2,6/1/2018
1-Jul-18,07-18,1/1/2018 0:00,3,Q3,7/1/2018
2-Jul-18,07-18,1/1/2018 0:00,3,Q3,7/1/2018
3-Jul-18,07-18,1/1/2018 0:00,3,Q3,7/1/2018
4-Jul-18,07-18,1/1/2018 0:00,3,Q3,7/1/2018
5-Jul-18,07-18,1/1/2018 0:00,3,Q3,7/1/2018
6-Jul-18,07-18,1/1/2018 0:00,3,Q3,7/1/2018
7-Jul-18,07-18,1/1/2018 0:00,3,Q3,7/1/2018
8-Jul-18,07-18,1/1/2018 0:00,3,Q3,7/1/2018
9-Jul-18,07-18,1/1/2018 0:00,3,Q3,7/1/2018
10-Jul-18,07-18,1/1/2018 0:00,3,Q3,7/1/2018
11-Jul-18,07-18,1/1/2018 0:00,3,Q3,7/1/2018
12-Jul-18,07-18,1/1/2018 0:00,3,Q3,7/1/2018
13-Jul-18,07-18,1/1/2018 0:00,3,Q3,7/1/2018
14-Jul-18,07-18,1/1/2018 0:00,3,Q3,7/1/2018
15-Jul-18,07-18,1/1/2018 0:00,3,Q3,7/1/2018
16-Jul-18,07-18,1/1/2018 0:00,3,Q3,7/1/2018
17-Jul-18,07-18,1/1/2018 0:00,3,Q3,7/1/2018
18-Jul-18,07-18,1/1/2018 0:00,3,Q3,7/1/2018
19-Jul-18,07-18,1/1/2018 0:00,3,Q3,7/1/2018
20-Jul-18,07-18,1/1/2018 0:00,3,Q3,7/1/2018
21-Jul-18,07-18,1/1/2018 0:00,3,Q3,7/1/2018
22-Jul-18,07-18,1/1/2018 0:00,3,Q3,7/1/2018
23-Jul-18,07-18,1/1/2018 0:00,3,Q3,7/1/2018
24-Jul-18,07-18,1/1/2018 0:00,3,Q3,7/1/2018
25-Jul-18,07-18,1/1/2018 0:00,3,Q3,7/1/2018
26-Jul-18,07-18,1/1/2018 0:00,3,Q3,7/1/2018
27-Jul-18,07-18,1/1/2018 0:00,3,Q3,7/1/2018
28-Jul-18,07-18,1/1/2018 0:00,3,Q3,7/1/2018
29-Jul-18,07-18,1/1/2018 0:00,3,Q3,7/1/2018
30-Jul-18,07-18,1/1/2018 0:00,3,Q3,7/1/2018
31-Jul-18,07-18,1/1/2018 0:00,3,Q3,7/1/2018
1-Aug-18,08-18,1/1/2018 0:00,3,Q3,8/1/2018
2-Aug-18,08-18,1/1/2018 0:00,3,Q3,8/1/2018
3-Aug-18,08-18,1/1/2018 0:00,3,Q3,8/1/2018
4-Aug-18,08-18,1/1/2018 0:00,3,Q3,8/1/2018
5-Aug-18,08-18,1/1/2018 0:00,3,Q3,8/1/2018
6-Aug-18,08-18,1/1/2018 0:00,3,Q3,8/1/2018
7-Aug-18,08-18,1/1/2018 0:00,3,Q3,8/1/2018
8-Aug-18,08-18,1/1/2018 0:00,3,Q3,8/1/2018
9-Aug-18,08-18,1/1/2018 0:00,3,Q3,8/1/2018
10-Aug-18,08-18,1/1/2018 0:00,3,Q3,8/1/2018
11-Aug-18,08-18,1/1/2018 0:00,3,Q3,8/1/2018
12-Aug-18,08-18,1/1/2018 0:00,3,Q3,8/1/2018
13-Aug-18,08-18,1/1/2018 0:00,3,Q3,8/1/2018
14-Aug-18,08-18,1/1/2018 0:00,3,Q3,8/1/2018
15-Aug-18,08-18,1/1/2018 0:00,3,Q3,8/1/2018
16-Aug-18,08-18,1/1/2018 0:00,3,Q3,8/1/2018
17-Aug-18,08-18,1/1/2018 0:00,3,Q3,8/1/2018
18-Aug-18,08-18,1/1/2018 0:00,3,Q3,8/1/2018
19-Aug-18,08-18,1/1/2018 0:00,3,Q3,8/1/2018
20-Aug-18,08-18,1/1/2018 0:00,3,Q3,8/1/2018
21-Aug-18,08-18,1/1/2018 0:00,3,Q3,8/1/2018
22-Aug-18,08-18,1/1/2018 0:00,3,Q3,8/1/2018
23-Aug-18,08-18,1/1/2018 0:00,3,Q3,8/1/2018
24-Aug-18,08-18,1/1/2018 0:00,3,Q3,8/1/2018
25-Aug-18,08-18,1/1/2018 0:00,3,Q3,8/1/2018
26-Aug-18,08-18,1/1/2018 0:00,3,Q3,8/1/2018
27-Aug-18,08-18,1/1/2018 0:00,3,Q3,8/1/2018
28-Aug-18,08-18,1/1/2018 0:00,3,Q3,8/1/2018
29-Aug-18,08-18,1/1/2018 0:00,3,Q3,8/1/2018
30-Aug-18,08-18,1/1/2018 0:00,3,Q3,8/1/2018
31-Aug-18,08-18,1/1/2018 0:00,3,Q3,8/1/2018
1-Sep-18,09-18,1/1/2018 0:00,3,Q3,9/1/2018
2-Sep-18,09-18,1/1/2018 0:00,3,Q3,9/1/2018
3-Sep-18,09-18,1/1/2018 0:00,3,Q3,9/1/2018
4-Sep-18,09-18,1/1/2018 0:00,3,Q3,9/1/2018
5-Sep-18,09-18,1/1/2018 0:00,3,Q3,9/1/2018
6-Sep-18,09-18,1/1/2018 0:00,3,Q3,9/1/2018
7-Sep-18,09-18,1/1/2018 0:00,3,Q3,9/1/2018
8-Sep-18,09-18,1/1/2018 0:00,3,Q3,9/1/2018
9-Sep-18,09-18,1/1/2018 0:00,3,Q3,9/1/2018
10-Sep-18,09-18,1/1/2018 0:00,3,Q3,9/1/2018
11-Sep-18,09-18,1/1/2018 0:00,3,Q3,9/1/2018
12-Sep-18,09-18,1/1/2018 0:00,3,Q3,9/1/2018
13-Sep-18,09-18,1/1/2018 0:00,3,Q3,9/1/2018
14-Sep-18,09-18,1/1/2018 0:00,3,Q3,9/1/2018
15-Sep-18,09-18,1/1/2018 0:00,3,Q3,9/1/2018
16-Sep-18,09-18,1/1/2018 0:00,3,Q3,9/1/2018
17-Sep-18,09-18,1/1/2018 0:00,3,Q3,9/1/2018
18-Sep-18,09-18,1/1/2018 0:00,3,Q3,9/1/2018
19-Sep-18,09-18,1/1/2018 0:00,3,Q3,9/1/2018
20-Sep-18,09-18,1/1/2018 0:00,3,Q3,9/1/2018
21-Sep-18,09-18,1/1/2018 0:00,3,Q3,9/1/2018
22-Sep-18,09-18,1/1/2018 0:00,3,Q3,9/1/2018
23-Sep-18,09-18,1/1/2018 0:00,3,Q3,9/1/2018
24-Sep-18,09-18,1/1/2018 0:00,3,Q3,9/1/2018
25-Sep-18,09-18,1/1/2018 0:00,3,Q3,9/1/2018
26-Sep-18,09-18,1/1/2018 0:00,3,Q3,9/1/2018
27-Sep-18,09-18,1/1/2018 0:00,3,Q3,9/1/2018
28-Sep-18,09-18,1/1/2018 0:00,3,Q3,9/1/2018
29-Sep-18,09-18,1/1/2018 0:00,3,Q3,9/1/2018
30-Sep-18,09-18,1/1/2018 0:00,3,Q3,9/1/2018
